Workbook

Sheet Raw_Data
A1: claim_id | B1: policy_id | C1: claim_type | D1: claim_amount | E1: days_since_policy_start | F1: num_prior_claims | G1: incident_report_delay_days | H1: is_weekend_claim | I1: claim_channel | J1: fraud_label | K1: age | L1: gender | M1: postcode_region | N1: income_band | O1: policy_type | P1: policy_tenure_years | Q1: claim_amount_outlier | R1: baseline_flag
A2: 200001 | B2: 52306 | C2: Motor | D2: 1171.62 | E2: 42 | F2: 0 | G2: 4 | H2: 0 | I2: Phone | J2: 0 | K2: 79 | L2: Male | M2: South | N2: Medium | O2: Premium | P2: 3.65 | Q2: =FALSE() -> FALSE | R2: 0
A3: 200002 | B3: 50795 | C3: Motor | D3: 1192.21 | E3: 3024 | F3: 2 | G3: 6 | H3: 1 | I3: Phone | J3: 0 | K3: 80 | L3: Female | M3: Scotland | N3: High | O3: Standard | P3: 0.12 | Q3: =FALSE() -> FALSE | R3: 0
A4: 200003 | B4: 55049 | C4: Travel | D4: 3567.16 | E4: 2241 | F4: 1 | G4: 6 | H4: 0 | I4: Phone | J4: 0 | K4: 77 | L4: Female | M4: North | N4: Low | O4: Standard | P4: 3.87 | Q4: =FALSE() -> FALSE | R4: 0
A5: 200004 | B5: 52126 | C5: Motor | D5: 1311.54 | E5: 970 | F5: 0 | G5: 4 | H5: 0 | I5: Phone | J5: 0 | K5: 51 | L5: Female | M5: London | N5: Medium | O5: Premium | P5: 4.01 | Q5: =FALSE() -> FALSE | R5: 0
A6: 200005 | B6: 55662 | C6: Motor | D6: 1237.59 | E6: 3538 | F6: 1 | G6: 0 | H6: 0 | I6: Broker | J6: 0 | K6: 44 | L6: Male | M6: London | N6: Medium | O6: Premium | P6: 3.11 | Q6: =FALSE() -> FALSE | R6: 0
A7: 200006 | B7: 51460 | C7: Motor | D7: 6705.69 | E7: 604 | F7: 0 | G7: 5 | H7: 1 | I7: Phone | J7: 0 | K7: 23 | L7: Female | M7: Scotland | N7: Low | O7: Standard | P7: 0.97 | Q7: =FALSE() -> FALSE | R7: 1
A8: 200007 | B8: 51990 | C8: Motor | D8: 1411.26 | E8: 1067 | F8: 3 | G8: 4 | H8: 0 | I8: Phone | J8: 0 | K8: 54 | L8: Female | M8: South | N8: Medium | O8: Standard | P8: 0.29 | Q8: =FALSE() -> FALSE | R8: 1
A9: 200008 | B9: 50029 | C9: Motor | D9: 3183.48 | E9: 114 | F9: 0 | G9: 4 | H9: 0 | I9: Online | J9: 0 | K9: 42 | L9: Female | M9: London | N9: Medium | O9: Standard | P9: 1.52 | Q9: =FALSE() -> FALSE | R9: 0
A10: 200009 | B10: 52691 | C10: Home | D10: 2017.59 | E10: 3214 | F10: 0 | G10: 3 | H10: 0 | I10: Broker | J10: 0 | K10: 59 | L10: Female | M10: Midlands | N10: Low | O10: Basic | P10: 3.52 | Q10: =FALSE() -> FALSE | R10: 0
A11: 200010 | B11: 54535 | C11: Home | D11: 1885.14 | E11: 3123 | F11: 2 | G11: 6 | H11: 0 | I11: Phone | J11: 0 | K11: 29 | L11: Female | M11: South | N11: High | O11: Basic | P11: 0.69 | Q11: =FALSE() -> FALSE | R11: 0
A12: 200011 | B12: 51052 | C12: Home | D12: 1345.32 | E12: 229 | F12: 2 | G12: 5 | H12: 0 | I12: Broker | J12: 0 | K12: 53 | L12: Female | M12: South | N12: Medium | O12: Basic | P12: 2.99 | Q12: =FALSE() -> FALSE | R12: 0
A13: 200012 | B13: 54858 | C13: Home | D13: 1077.33 | E13: 1655 | F13: 1 | G13: 4 | H13: 0 | I13: Phone | J13: 0 | K13: 69 | L13: Male | M13: Scotland | N13: Low | O13: Standard | P13: 2.27 | Q13: =FALSE() -> FALSE | R13: 0
... A17: 200016 | B17: 50917 | C17: Travel | D17: 1179.38 | E17: 1977 | F17: 2 | G17: 1 | H17: 0 | I17: Online | J17: 1 | K17: 78 | L17: Male | M17: Wales | N17: High | O17: Standard | P17: 2.44 | Q17: =FALSE() -> FALSE | R17: 0
A18: 200017 | B18: 54514 | C18: Motor | D18: 7989.15 | E18: 72 | F18: 0 | G18: 5 | H18: 0 | I18: Online | J18: 0 | K18: 65 | L18: Male | M18: London | N18: Low | O18: Standard | P18: 2.39 | Q18: =TRUE() -> TRUE | R18: 1
A19: 200018 | B19: 55415 | C19: Home | D19: 1129.62 | E19: 1836 | F19: 0 | G19: 6 | H19: 0 | I19: Phone | J19: 1 | K19: 58 | L19: Male | M19: South | N19: High | O19: Standard | P19: 0.01 | Q19: =FALSE() -> FALSE | R19: 0
A20: 200019 | B20: 55146 | C20: Home | D20: 2931.98 | E20: 2309 | F20: 1 | G20: 6 | H20: 0 | I20: Online | J20: 0 | K20: 21 | L20: Male | M20: North | N20: Medium | O20: Basic | P20: 2.4 | Q20: =FALSE() -> FALSE | R20: 0
A21: 200020 | B21: 53397 | C21: Motor | D21: 2458.28 | E21: 594 | F21: 0 | G21: 2 | H21: 0 | I21: Online | J21: 0 | K21: 21 | L21: Female | M21: North | N21: Medium | O21: Basic | P21: 2.67 | Q21: =FALSE() -> FALSE | R21: 0
A22: 200021 | B22: 55108 | C22: Home | D22: 552.26 | E22: 3597 | F22: 0 | G22: 2 | H22: 1 | I22: Phone | J22: 0 | K22: 68 | L22: Male | M22: Wales | N22: High | O22: Premium | P22: 0.82 | Q22: =FALSE() -> FALSE | R22: 0
A23: 200022 | B23: 55745 | C23: Motor | D23: 693.07 | E23: 343 | F23: 0 | G23: 2 | H23: 0 | I23: Broker | J23: 1 | K23: 21 | L23: Female | M23: South | N23: Low | O23: Standard | P23: 1.4 | Q23: =FALSE() -> FALSE | R23: 0
A24: 200023 | B24: 51853 | C24: Home | D24: 4236.42 | E24: 2159 | F24: 1 | G24: 2 | H24: 0 | I24: Phone | J24: 0 | K24: 30 | L24: Female | M24: South | N24: Low | O24: Basic | P24: 5.78 | Q24: =FALSE() -> FALSE | R24: 1
A25: 200024 | B25: 51787 | C25: Motor | D25: 2827.56 | E25: 444 | F25: 2 | G25: 2 | H25: 1 | I25: Online | J25: 0 | K25: 42 | L25: Male | M25: Scotland | N25: High | O25: Basic | P25: 2.6 | Q25: =FALSE() -> FALSE | R25: 0
A26: 200025 | B26: 50202 | C26: Home | D26: 3316.87 | E26: 2494 | F26: 0 | G26: 4 | H26: 0 | I26: Phone | J26: 1 | K26: 59 | L26: Male | M26: South | N26: High | O26: Standard | P26: 0.51 | Q26: =FALSE() -> FALSE | R26: 0
A27: 200026 | B27: 53189 | C27: Motor | D27: 2239.53 | E27: 3117 | F27: 0 | G27: 1 | H27: 1 | I27: Online | J27: 0 | K27: 26 | L27: Male | M27: London | N27: Medium | O27: Basic | P27: 0.95 | Q27: =FALSE() -> FALSE | R27: 0
A28: 200027 | B28: 53120 | C28: Travel | D28: 597.96 | E28: 99 | F28: 0 | G28: 3 | H28: 0 | I28: Online | J28: 0 | K28: 26 | L28: Male | M28: Midlands | N28: Medium | O28: Standard | P28: 7.6 | Q28: =FALSE() -> FALSE | R28: 0
A29: 200028 | B29: 55534 | C29: Home | D29: 5502.59 | E29: 1581 | F29: 2 | G29: 4 | H29: 0 | I29: Online | J29: 0 | K29: 76 | L29: Male | M29: Scotland | N29: Medium | O29: Standard | P29: 4.36 | Q29: =FALSE() -> FALSE | R29: 1
A30: 200029 | B30: 54757 | C30: Motor | D30: 3994.26 | E30: 3511 | F30: 2 | G30: 2 | H30: 0 | I30: Online | J30: 0 | K30: 36 | L30: Male | M30: Wales | N30: Low | O30: Premium | P30: 0.25 | Q30: =FALSE() -> FALSE | R30: 1
... A36: 200035 | B36: 54393 | C36: Motor | D36: 2755.09 | E36: 3165 | F36: 2 | G36: 5 | H36: 1 | I36: Phone | J36: 1 | K36: 72 | L36: Female | M36: North | N36: Low | O36: Standard | P36: 1.49 | Q36: =FALSE() -> FALSE | R36: 0
A37: 200036 | B37: 51270 | C37: Home | D37: 8117.04 | E37: 2841 | F37: 0 | G37: 2 | H37: 0 | I37: Phone | J37: 0 | K37: 22 | L37: Male | M37: London | N37: Medium | O37: Standard | P37: 0.62 | Q37: =TRUE() -> TRUE | R37: 1
A38: 200037 | B38: 51985 | C38: Motor | D38: 2642.62 | E38: 2552 | F38: 1 | G38: 3 | H38: 0 | I38: Online | J38: 0 | K38: 25 | L38: Female | M38: Scotland | N38: High | O38: Standard | P38: 3.76 | Q38: =FALSE() -> FALSE | R38: 0
A39: 200038 | B39: 50976 | C39: Home | D39: 4036.99 | E39: 949 | F39: 3 | G39: 4 | H39: 1 | I39: Broker | J39: 0 | K39: 67 | L39: Female | M39: London | N39: Low | O39: Basic | P39: 0.79 | Q39: =FALSE() -> FALSE | R39: 1
A40: 200039 | B40: 55636 | C40: Home | D40: 3172.48 | E40: 1307 | F40: 4 | G40: 6 | H40: 0 | I40: Phone | J40: 0 | K40: 26 | L40: Female | M40: Midlands | N40: Medium | O40: Basic | P40: 2.14 | Q40: =FALSE() -> FALSE | R40: 1
A41: 200040 | B41: 54389 | C41: Motor | D41: 3549.58 | E41: 3112 | F41: 1 | G41: 4 | H41: 0 | I41: Online | J41: 0 | K41: 59 | L41: Female | M41: North | N41: High | O41: Standard | P41: 0.71 | Q41: =FALSE() -> FALSE | R41: 0
A42: 200041 | B42: 52530 | C42: Motor | D42: 4798.21 | E42: 2511 | F42: 2 | G42: 9 | H42: 0 | I42: Online | J42: 0 | K42: 32 | L42: Female | M42: South | N42: Medium | O42: Premium | P42: 1.17 | Q42: =FALSE() -> FALSE | R42: 1
A43: 200042 | B43: 51958 | C43: Motor | D43: 684.49 | E43: 2020 | F43: 1 | G43: 5 | H43: 0 | I43: Broker | J43: 1 | K43: 77 | L43: Female | M43: Scotland | N43: Low | O43: Standard | P43: 1.18 | Q43: =FALSE() -> FALSE | R43: 0
A44: 200043 | B44: 53722 | C44: Home | D44: 1018.53 | E44: 1899 | F44: 2 | G44: 5 | H44: 0 | I44: Online | J44: 0 | K44: 62 | L44: Male | M44: London | N44: Medium | O44: Premium | P44: 5.4 | Q44: =FALSE() -> FALSE | R44: 0
A45: 200044 | B45: 55170 | C45: Home | D45: 3928.5 | E45: 2235 | F45: 0 | G45: 2 | H45: 0 | I45: Online | J45: 0 | K45: 57 | L45: Male | M45: North | N45: Medium | O45: Basic | P45: 0.67 | Q45: =FALSE() -> FALSE | R45: 1
A46: 200045 | B46: 51492 | C46: Home | D46: 1249.21 | E46: 1009 | F46: 0 | G46: 3 | H46: 0 | I46: Phone | J46: 0 | K46: 73 | L46: Female | M46: North | N46: Low | O46: Basic | P46: 4.04 | Q46: =FALSE() -> FALSE | R46: 0
A47: 200046 | B47: 52275 | C47: Home | D47: 3130.16 | E47: 867 | F47: 0 | G47: 4 | H47: 1 | I47: Broker | J47: 0 | K47: 59 | L47: Male | M47: North | N47: High | O47: Basic | P47: 0.21 | Q47: =FALSE() -> FALSE | R47: 0
A48: 200047 | B48: 50292 | C48: Motor | D48: 2622.38 | E48: 378 | F48: 1 | G48: 5 | H48: 0 | I48: Online | J48: 0 | K48: 51 | L48: Male | M48: Midlands | N48: Low | O48: Standard | P48: 0.69 | Q48: =FALSE() -> FALSE | R48: 0
A49: 200048 | B49: 53289 | C49: Motor | D49: 1898.89 | E49: 3294 | F49: 1 | G49: 3 | H49: 1 | I49: Phone | J49: 0 | K49: 76 | L49: Male | M49: London | N49: Medium | O49: Standard | P49: 1.7 | Q49: =FALSE() -> FALSE | R49: 0
... A70: 200069 | B70: 50911 | C70: Home | D70: 958.41 | E70: 1737 | F70: 0 | G70: 2 | H70: 1 | I70: Phone | J70: 0 | K70: 40 | L70: Male | M70: Midlands | N70: Low | O70: Standard | P70: 0.7 | Q70: =FALSE() -> FALSE | R70: 0
A71: 200070 | B71: 53116 | C71: Motor | D71: 7746.92 | E71: 2603 | F71: 1 | G71: 10 | H71: 0 | I71: Online | J71: 0 | K71: 64 | L71: Female | M71: South | N71: High | O71: Basic | P71: 0.67 | Q71: =TRUE() -> TRUE | R71: 1
A72: 200071 | B72: 53490 | C72: Home | D72: 3577.11 | E72: 195 | F72: 2 | G72: 4 | H72: 1 | I72: Phone | J72: 0 | K72: 35 | L72: Male | M72: Wales | N72: Medium | O72: Standard | P72: 0.19 | Q72: =FALSE() -> FALSE | R72: 1
A73: 200072 | B73: 54431 | C73: Travel | D73: 711.08 | E73: 2020 | F73: 0 | G73: 5 | H73: 0 | I73: Phone | J73: 1 | K73: 28 | L73: Male | M73: Scotland | N73: Medium | O73: Premium | P73: 1.56 | Q73: =FALSE() -> FALSE | R73: 0
A74: 200073 | B74: 52301 | C74: Travel | D74: 8014.37 | E74: 1059 | F74: 1 | G74: 1 | H74: 0 | I74: Online | J74: 0 | K74: 73 | L74: Female | M74: Wales | N74: High | O74: Standard | P74: 6.77 | Q74: =TRUE() -> TRUE | R74: 1
A75: 200074 | B75: 50479 | C75: Home | D75: 2690.62 | E75: 642 | F75: 1 | G75: 5 | H75: 0 | I75: Phone | J75: 1 | K75: 20 | L75: Female | M75: Wales | N75: Low | O75: Basic | P75: 0.28 | Q75: =FALSE() -> FALSE | R75: 0
A76: 200075 | B76: 53380 | C76: Motor | D76: 834.37 | E76: 3444 | F76: 0 | G76: 2 | H76: 0 | I76: Online | J76: 1 | K76: 54 | L76: Female | M76: Wales | N76: Low | O76: Standard | P76: 3.75 | Q76: =FALSE() -> FALSE | R76: 0
A77: 200076 | B77: 51137 | C77: Motor | D77: 1403.61 | E77: 3438 | F77: 1 | G77: 3 | H77: 0 | I77: Online | J77: 0 | K77: 83 | L77: Female | M77: Wales | N77: Medium | O77: Standard | P77: 0.08 | Q77: =FALSE() -> FALSE | R77: 0
A78: 200077 | B78: 54285 | C78: Home | D78: 633.42 | E78: 2725 | F78: 0 | G78: 3 | H78: 0 | I78: Broker | J78: 1 | K78: 20 | L78: Female | M78: Scotland | N78: High | O78: Basic | P78: 0.81 | Q78: =FALSE() -> FALSE | R78: 0
A79: 200078 | B79: 51044 | C79: Travel | D79: 7285.43 | E79: 587 | F79: 2 | G79: 5 | H79: 1 | I79: Broker | J79: 0 | K79: 19 | L79: Male | M79: London | N79: Medium | O79: Standard | P79: 5.35 | Q79: =TRUE() -> TRUE | R79: 1
A80: 200079 | B80: 52563 | C80: Home | D80: 534.85 | E80: 1075 | F80: 0 | G80: 7 | H80: 0 | I80: Phone | J80: 0 | K80: 35 | L80: Female | M80: South | N80: Medium | O80: Standard | P80: 1.63 | Q80: =FALSE() -> FALSE | R80: 1
A81: 200080 | B81: 55722 | C81: Motor | D81: 915.05 | E81: 1353 | F81: 1 | G81: 4 | H81: 0 | I81: Phone | J81: 0 | K81: 31 | L81: Female | M81: South | N81: Low | O81: Standard | P81: 4.17 | Q81: =FALSE() -> FALSE | R81: 0
A82: 200081 | B82: 53142 | C82: Home | D82: 1548.09 | E82: 3580 | F82: 0 | G82: 6 | H82: 0 | I82: Online | J82: 0 | K82: 75 | L82: Male | M82: Midlands | N82: Medium | O82: Standard | P82: 1.42 | Q82: =FALSE() -> FALSE | R82: 0
A83: 200082 | B83: 54006 | C83: Motor | D83: 1552.41 | E83: 2192 | F83: 0 | G83: 4 | H83: 0 | I83: Online | J83: 0 | K83: 46 | L83: Female | M83: South | N83: Low | O83: Standard | P83: 4.37 | Q83: =FALSE() -> FALSE | R83: 0
A84: 200083 | B84: 50365 | C84: Home | D84: 2884.59 | E84: 916 | F84: 1 | G84: 3 | H84: 0 | I84: Phone | J84: 0 | K84: 76 | L84: Male | M84: South | N84: Medium | O84: Standard | P84: 7.35 | Q84: =FALSE() -> FALSE | R84: 0
A85: 200084 | B85: 50250 | C85: Motor | D85: 2289.36 | E85: 2135 | F85: 1 | G85: 4 | H85: 0 | I85: Online | J85: 0 | K85: 78 | L85: Male | M85: Wales | N85: High | O85: Basic | P85: 3.55 | Q85: =FALSE() -> FALSE | R85: 0
A86: 200085 | B86: 55336 | C86: Travel | D86: 1647.01 | E86: 1467 | F86: 0 | G86: 1 | H86: 0 | I86: Online | J86: 0 | K86: 26 | L86: Female | M86: North | N86: High | O86: Premium | P86: 8.64 | Q86: =FALSE() -> FALSE | R86: 0
A87: 200086 | B87: 55553 | C87: Travel | D87: 3492.03 | E87: 2963 | F87: 1 | G87: 1 | H87: 0 | I87: Online | J87: 0 | K87: 77 | L87: Female | M87: London | N87: Low | O87: Standard | P87: 6.75 | Q87: =FALSE() -> FALSE | R87: 0
A88: 200087 | B88: 50790 | C88: Home | D88: 1332.91 | E88: 2283 | F88: 0 | G88: 5 | H88: 0 | I88: Broker | J88: 0 | K88: 51 | L88: Female | M88: London | N88: Medium | O88: Premium | P88: 1.25 | Q88: =FALSE() -> FALSE | R88: 0
A89: 200088 | B89: 54326 | C89: Home | D89: 3144.12 | E89: 1043 | F89: 0 | G89: 2 | H89: 0 | I89: Online | J89: 0 | K89: 25 | L89: Female | M89: South | N89: High | O89: Standard | P89: 2.56 | Q89: =FALSE() -> FALSE | R89: 0
A90: 200089 | B90: 53068 | C90: Travel | D90: 1324.28 | E90: 2503 | F90: 1 | G90: 1 | H90: 0 | I90: Online | J90: 1 | K90: 65 | L90: Male | M90: Midlands | N90: Low | O90: Basic | P90: 0.82 | Q90: =FALSE() -> FALSE | R90: 0
A91: 200090 | B91: 54830 | C91: Travel | D91: 10284.36 | E91: 1178 | F91: 1 | G91: 2 | H91: 0 | I91: Phone | J91: 1 | K91: 57 | L91: Male | M91: Wales | N91: High | O91: Basic | P91: 0.39 | Q91: =TRUE() -> TRUE | R91: 1
A92: 200091 | B92: 52450 | C92: Home | D92: 2162.06 | E92: 1096 | F92: 0 | G92: 5 | H92: 0 | I92: Phone | J92: 0 | K92: 55 | L92: Female | M92: North | N92: Medium | O92: Premium | P92: 0.37 | Q92: =FALSE() -> FALSE | R92: 0
A93: 200092 | B93: 52467 | C93: Home | D93: 1737.68 | E93: 2699 | F93: 1 | G93: 6 | H93: 1 | I93: Online | J93: 0 | K93: 62 | L93: Female | M93: North | N93: Low | O93: Basic | P93: 0.37 | Q93: =FALSE() -> FALSE | R93: 0
A94: 200093 | B94: 51294 | C94: Motor | D94: 1630.47 | E94: 3559 | F94: 0 | G94: 5 | H94: 0 | I94: Online | J94: 0 | K94: 40 | L94: Male | M94: South | N94: Medium | O94: Premium | P94: 3.43 | Q94: =FALSE() -> FALSE | R94: 0
A95: 200094 | B95: 55847 | C95: Motor | D95: 2388.77 | E95: 1156 | F95: 1 | G95: 4 | H95: 0 | I95: Broker | J95: 1 | K95: 42 | L95: Male | M95: South | N95: Medium | O95: Standard | P95: 2.38 | Q95: =FALSE() -> FALSE | R95: 0
A96: 200095 | B96: 50370 | C96: Travel | D96: 4488.89 | E96: 2574 | F96: 3 | G96: 4 | H96: 0 | I96: Online | J96: 0 | K96: 76 | L96: Male | M96: London | N96: Medium | O96: Standard | P96: 3.25 | Q96: =FALSE() -> FALSE | R96: 1
A97: 200096 | B97: 54182 | C97: Home | D97: 1004.52 | E97: 3632 | F97: 0 | G97: 6 | H97: 0 | I97: Online | J97: 0 | K97: 45 | L97: Male | M97: South | N97: Medium | O97: Standard | P97: 2.46 | Q97: =FALSE() -> FALSE | R97: 0
A98: 200097 | B98: 54516 | C98: Motor | D98: 2426.41 | E98: 1009 | F98: 0 | G98: 2 | H98: 0 | I98: Online | J98: 0 | K98: 42 | L98: Male | M98: Wales | N98: High | O98: Premium | P98: 3.17 | Q98: =FALSE() -> FALSE | R98: 0
A99: 200098 | B99: 51364 | C99: Home | D99: 1951.31 | E99: 610 | F99: 3 | G99: 6 | H99: 0 | I99: Online | J99: 1 | K99: 26 | L99: Male | M99: Scotland | N99: High | O99: Standard | P99: 1.71 | Q99: =FALSE() -> FALSE | R99: 1
A100: 200099 | B100: 51289 | C100: Motor | D100: 2587.06 | E100: 3466 | F100: 0 | G100: 1 | H100: 0 | I100: Online | J100: 0 | K100: 25 | L100: Female | M100: Midlands | N100: High | O100: Standard | P100: 3.55 | Q100: =FALSE() -> FALSE | R100: 0
A101: 200100 | B101: 54644 | C101: Motor | D101: 2281.11 | E101: 33 | F101: 1 | G101: 3 | H101: 0 | I101: Phone | J101: 0 | K101: 64 | L101: Female | M101: Wales | N101: Medium | O101: Basic | P101: 0.79 | Q101: =FALSE() -> FALSE | R101: 0
A102: 200101 | B102: 52402 | C102: Home | D102: 4476.77 | E102: 1805 | F102: 0 | G102: 6 | H102: 1 | I102: Phone | J102: 0 | K102: 79 | L102: Other | M102: Scotland | N102: Medium | O102: Premium | P102: 1.91 | Q102: =FALSE() -> FALSE | R102: 1
A103: 200102 | B103: 55007 | C103: Home | D103: 285.84 | E103: 3547 | F103: 1 | G103: 1 | H103: 0 | I103: Broker | J103: 0 | K103: 31 | L103: Male | M103: Scotland | N103: High | O103: Basic | P103: 0.26 | Q103: =FALSE() -> FALSE | R103: 0
... A126: 200125 | B126: 50379 | C126: Travel | D126: 1187.97 | E126: 3291 | F126: 3 | G126: 4 | H126: 0 | I126: Online | J126: 0 | K126: 40 | L126: Female | M126: London | N126: Low | O126: Standard | P126: 5.47 | Q126: =FALSE() -> FALSE | R126: 1
A127: 200126 | B127: 52368 | C127: Home | D127: 8164.01 | E127: 1689 | F127: 1 | G127: 5 | H127: 1 | I127: Online | J127: 1 | K127: 79 | L127: Female | M127: London | N127: Medium | O127: Premium | P127: 6.19 | Q127: =TRUE() -> TRUE | R127: 1
A128: 200127 | B128: 50317 | C128: Home | D128: 1207.86 | E128: 2151 | F128: 0 | G128: 1 | H128: 0 | I128: Online | J128: 0 | K128: 57 | L128: Male | M128: London | N128: Medium | O128: Basic | P128: 0.57 | Q128: =FALSE() -> FALSE | R128: 0
A129: 200128 | B129: 53519 | C129: Motor | D129: 873.92 | E129: 1684 | F129: 0 | G129: 0 | H129: 1 | I129: Online | J129: 0 | K129: 64 | L129: Female | M129: Wales | N129: Low | O129: Basic | P129: 0.1 | Q129: =FALSE() -> FALSE | R129: 0
A130: 200129 | B130: 55684 | C130: Motor | D130: 2672.27 | E130: 673 | F130: 0 | G130: 3 | H130: 0 | I130: Online | J130: 0 | K130: 20 | L130: Female | M130: London | N130: High | O130: Basic | P130: 4.01 | Q130: =FALSE() -> FALSE | R130: 0
A131: 200130 | B131: 50203 | C131: Motor | D131: 1801.15 | E131: 82 | F131: 1 | G131: 4 | H131: 0 | I131: Online | J131: 0 | K131: 55 | L131: Female | M131: Wales | N131: Low | O131: Standard | P131: 1.74 | Q131: =FALSE() -> FALSE | R131: 0
A132: 200131 | B132: 53466 | C132: Home | D132: 2492.05 | E132: 1782 | F132: 1 | G132: 7 | H132: 0 | I132: Phone | J132: 0 | K132: 36 | L132: Male | M132: Scotland | N132: Low | O132: Basic | P132: 0.25 | Q132: =FALSE() -> FALSE | R132: 1
A133: 200132 | B133: 50417 | C133: Motor | D133: 3860.09 | E133: 567 | F133: 0 | G133: 5 | H133: 0 | I133: Online | J133: 0 | K133: 41 | L133: Male | M133: Wales | N133: Medium | O133: Premium | P133: 0.89 | Q133: =FALSE() -> FALSE | R133: 1
A134: 200133 | B134: 50744 | C134: Home | D134: 636.59 | E134: 2092 | F134: 0 | G134: 4 | H134: 0 | I134: Broker | J134: 0 | K134: 55 | L134: Female | M134: Wales | N134: Medium | O134: Basic | P134: 3.22 | Q134: =FALSE() -> FALSE | R134: 0
A135: 200134 | B135: 51929 | C135: Home | D135: 464.38 | E135: 2385 | F135: 1 | G135: 2 | H135: 0 | I135: Online | J135: 0 | K135: 35 | L135: Male | M135: Wales | N135: Low | O135: Basic | P135: 3.05 | Q135: =FALSE() -> FALSE | R135: 0
A136: 200135 | B136: 53121 | C136: Home | D136: 4153.45 | E136: 3648 | F136: 2 | G136: 3 | H136: 1 | I136: Online | J136: 0 | K136: 48 | L136: Female | M136: South | N136: Medium | O136: Standard | P136: 4.25 | Q136: =FALSE() -> FALSE | R136: 1
A137: 200136 | B137: 54059 | C137: Home | D137: 2225.06 | E137: 2311 | F137: 2 | G137: 2 | H137: 0 | I137: Phone | J137: 1 | K137: 37 | L137: Female | M137: London | N137: High | O137: Basic | P137: 0.26 | Q137: =FALSE() -> FALSE | R137: 0
A138: 200137 | B138: 55958 | C138: Motor | D138: 645.21 | E138: 59 | F138: 1 | G138: 4 | H138: 0 | I138: Phone | J138: 1 | K138: 35 | L138: Male | M138: London | N138: Medium | O138: Standard | P138: 0.08 | Q138: =FALSE() -> FALSE | R138: 0
A139: 200138 | B139: 52684 | C139: Home | D139: 1874.27 | E139: 918 | F139: 1 | G139: 2 | H139: 0 | I139: Online | J139: 0 | K139: 53 | L139: Male | M139: London | N139: High | O139: Basic | P139: 9.34 | Q139: =FALSE() -> FALSE | R139: 0
... A209: 200208 | B209: 54492 | C209: Motor | D209: 2554.33 | E209: 1913 | F209: 2 | G209: 6 | H209: 0 | I209: Broker | J209: 0 | K209: 41 | L209: Male | M209: South | N209: Medium | O209: Basic | P209: 0.77 | Q209: =FALSE() -> FALSE | R209: 0
A210: 200209 | B210: 51687 | C210: Motor | D210: 7467.56 | E210: 2782 | F210: 3 | G210: 5 | H210: 0 | I210: Phone | J210: 0 | K210: 79 | L210: Male | M210: Midlands | N210: Medium | O210: Standard | P210: 2.56 | Q210: =TRUE() -> TRUE | R210: 1
A211: 200210 | B211: 53193 | C211: Motor | D211: 2934.59 | E211: 1753 | F211: 0 | G211: 1 | H211: 1 | I211: Broker | J211: 0 | K211: 73 | L211: Male | M211: South | N211: High | O211: Basic | P211: 3.41 | Q211: =FALSE() -> FALSE | R211: 0
A212: 200211 | B212: 50086 | C212: Motor | D212: 4783 | E212: 3486 | F212: 2 | G212: 4 | H212: 0 | I212: Online | J212: 1 | K212: 80 | L212: Male | M212: London | N212: Medium | O212: Premium | P212: 3.55 | Q212: =FALSE() -> FALSE | R212: 1
A213: 200212 | B213: 51546 | C213: Motor | D213: 1431.56 | E213: 1242 | F213: 1 | G213: 4 | H213: 0 | I213: Online | J213: 1 | K213: 22 | L213: Female | M213: Scotland | N213: Medium | O213: Premium | P213: 1.21 | Q213: =FALSE() -> FALSE | R213: 0
A214: 200213 | B214: 53812 | C214: Travel | D214: 1194.21 | E214: 1130 | F214: 0 | G214: 5 | H214: 1 | I214: Online | J214: 1 | K214: 64 | L214: Female | M214: Midlands | N214: Low | O214: Standard | P214: 3.38 | Q214: =FALSE() -> FALSE | R214: 0
A215: 200214 | B215: 55231 | C215: Motor | D215: 1984.88 | E215: 3104 | F215: 0 | G215: 1 | H215: 1 | I215: Broker | J215: 0 | K215: 31 | L215: Female | M215: Scotland | N215: Low | O215: Standard | P215: 2 | Q215: =FALSE() -> FALSE | R215: 0
A216: 200215 | B216: 50991 | C216: Travel | D216: 1364.08 | E216: 3448 | F216: 0 | G216: 1 | H216: 0 | I216: Online | J216: 0 | K216: 58 | L216: Female | M216: Wales | N216: High | O216: Standard | P216: 6.81 | Q216: =FALSE() -> FALSE | R216: 0
A217: 200216 | B217: 52595 | C217: Travel | D217: 3459.1 | E217: 2923 | F217: 0 | G217: 5 | H217: 0 | I217: Broker | J217: 1 | K217: 63 | L217: Female | M217: Midlands | N217: Medium | O217: Standard | P217: 0.29 | Q217: =FALSE() -> FALSE | R217: 0
A218: 200217 | B218: 51847 | C218: Motor | D218: 2736.18 | E218: 2319 | F218: 3 | G218: 4 | H218: 0 | I218: Phone | J218: 0 | K218: 25 | L218: Female | M218: Midlands | N218: Medium | O218: Basic | P218: 0.72 | Q218: =FALSE() -> FALSE | R218: 1
A219: 200218 | B219: 53098 | C219: Motor | D219: 2826.77 | E219: 3579 | F219: 1 | G219: 4 | H219: 0 | I219: Online | J219: 0 | K219: 53 | L219: Male | M219: North | N219: Medium | O219: Basic | P219: 1.13 | Q219: =FALSE() -> FALSE | R219: 0
...

Sheet Helper
A1: claim_amount_if_legit | B1: claim_amount_if_fraud
A2: =IF(Raw_Data!J2=0,Raw_Data!D2,"") -> 1171.62 | B2: =IF(Raw_Data!J2=1,Raw_Data!D2,"")
A3: =IF(Raw_Data!J3=0,Raw_Data!D3,"") -> 1192.21 | B3: =IF(Raw_Data!J3=1,Raw_Data!D3,"")
A4: =IF(Raw_Data!J4=0,Raw_Data!D4,"") -> 3567.16 | B4: =IF(Raw_Data!J4=1,Raw_Data!D4,"")
A5: =IF(Raw_Data!J5=0,Raw_Data!D5,"") -> 1311.54 | B5: =IF(Raw_Data!J5=1,Raw_Data!D5,"")
A6: =IF(Raw_Data!J6=0,Raw_Data!D6,"") -> 1237.59 | B6: =IF(Raw_Data!J6=1,Raw_Data!D6,"")
A7: =IF(Raw_Data!J7=0,Raw_Data!D7,"") -> 6705.69 | B7: =IF(Raw_Data!J7=1,Raw_Data!D7,"")
A8: =IF(Raw_Data!J8=0,Raw_Data!D8,"") -> 1411.26 | B8: =IF(Raw_Data!J8=1,Raw_Data!D8,"")
A9: =IF(Raw_Data!J9=0,Raw_Data!D9,"") -> 3183.48 | B9: =IF(Raw_Data!J9=1,Raw_Data!D9,"")
A10: =IF(Raw_Data!J10=0,Raw_Data!D10,"") -> 2017.59 | B10: =IF(Raw_Data!J10=1,Raw_Data!D10,"")
A11: =IF(Raw_Data!J11=0,Raw_Data!D11,"") -> 1885.14 | B11: =IF(Raw_Data!J11=1,Raw_Data!D11,"")
A12: =IF(Raw_Data!J12=0,Raw_Data!D12,"") -> 1345.32 | B12: =IF(Raw_Data!J12=1,Raw_Data!D12,"")
A13: =IF(Raw_Data!J13=0,Raw_Data!D13,"") -> 1077.33 | B13: =IF(Raw_Data!J13=1,Raw_Data!D13,"")
... A6001: =IF(Raw_Data!J6001=0,Raw_Data!D6001,"") | B6001: =IF(Raw_Data!J6001=1,Raw_Data!D6001,"") -> 1847.13

Sheet EDA_Validation
A1: AuroraSure Fraud Detection - EDA Validation Workbook
A4: Column key | B4: Notebook output (Python) | C4: Excel formula result | D4: Match?
A6: A. Dataset Overview
A7: Metric | B7: Notebook output | C7: Excel formula result | D7: Match?
A8: Number of claim records | B8: 6000 | C8: =COUNTA(Raw_Data!$A$2:$A$6001) -> 6000 | D8: =IF(ABS(B8-C8)<0.5,"OK","CHECK") -> OK
A9: Number of confirmed fraud cases | B9: 1105 | C9: =SUM(Raw_Data!$J$2:$J$6001) -> 1105 | D9: =IF(ABS(B9-C9)<0.5,"OK","CHECK") -> OK
A10: Percentage of claims labelled fraudulent | B10: 0.184167 | C10: =AVERAGE(Raw_Data!$J$2:$J$6001) -> 0.18416667 | D10: =IF(ABS(B10-C10)<0.001,"OK","CHECK") -> OK
A12: B. Fraud Rate by Claim Type
A13: Metric | B13: Notebook output | C13: Excel formula result | D13: Match?
A14: Fraud rate - Motor | B14: 0.182874 | C14: =AVERAGEIF(Raw_Data!$C$2:$C$6001,"Motor",Raw_Data!$J$2:$J$6001) -> 0.18287421 | D14: =IF(ABS(B14-C14)<0.001,"OK","CHECK") -> OK
A15: Fraud rate - Home | B15: 0.168396 | C15: =AVERAGEIF(Raw_Data!$C$2:$C$6001,"Home",Raw_Data!$J$2:$J$6001) -> 0.16839623 | D15: =IF(ABS(B15-C15)<0.001,"OK","CHECK") -> OK
A16: Fraud rate - Travel | B16: 0.22722 | C16: =AVERAGEIF(Raw_Data!$C$2:$C$6001,"Travel",Raw_Data!$J$2:$J$6001) -> 0.2272203 | D16: =IF(ABS(B16-C16)<0.001,"OK","CHECK") -> OK
A18: C. Summary Statistics (claim_amount)
A19: Metric | B19: Notebook output | C19: Excel formula result | D19: Match?
A20: Mean claim_amount | B20: 2659.4018 | C20: =AVERAGE(Raw_Data!$D$2:$D$6001) -> 2659.4018 | D20: =IF(ABS(B20-C20)<0.001,"OK","CHECK") -> OK
A21: Median claim_amount | B21: 2277.575 | C21: =MEDIAN(Raw_Data!$D$2:$D$6001) -> 2277.575 | D21: =IF(ABS(B21-C21)<0.001,"OK","CHECK") -> OK
A22: Standard deviation claim_amount | B22: 1789.7603 | C22: =STDEV(Raw_Data!$D$2:$D$6001) -> 1789.7603 | D22: =IF(ABS(B22-C22)<0.001,"OK","CHECK") -> OK
A23: Q1 claim_amount | B23: 1330.1625 | C23: =QUARTILE(Raw_Data!$D$2:$D$6001,1) -> 1330.1625 | D23: =IF(ABS(B23-C23)<0.001,"OK","CHECK") -> OK
A24: Q3 claim_amount | B24: 3570.395 | C24: =QUARTILE(Raw_Data!$D$2:$D$6001,3) -> 3570.395 | D24: =IF(ABS(B24-C24)<0.001,"OK","CHECK") -> OK
A25: IQR claim_amount | B25: 2240.2325 | C25: =C24-C23 -> 2240.2325 | D25: =IF(ABS(B25-C25)<0.001,"OK","CHECK") -> OK
A27: C. Summary Statistics (incident_report_delay_days)
A28: Metric | B28: Notebook output | C28: Excel formula result | D28: Match?
A29: Mean incident_report_delay_days | B29: 4.014 | C29: =AVERAGE(Raw_Data!$G$2:$G$6001) -> 4.014 | D29: =IF(ABS(B29-C29)<0.001,"OK","CHECK") -> OK
A30: Median incident_report_delay_days | B30: 4 | C30: =MEDIAN(Raw_Data!$G$2:$G$6001) -> 4 | D30: =IF(ABS(B30-C30)<0.001,"OK","CHECK") -> OK
A31: Standard deviation incident_report_delay_days | B31: 1.9862 | C31: =STDEV(Raw_Data!$G$2:$G$6001) -> 1.9862347 | D31: =IF(ABS(B31-C31)<0.001,"OK","CHECK") -> OK
A32: Q1 incident_report_delay_days | B32: 3 | C32: =QUARTILE(Raw_Data!$G$2:$G$6001,1) -> 3 | D32: =IF(ABS(B32-C32)<0.001,"OK","CHECK") -> OK
A33: Q3 incident_report_delay_days | B33: 5 | C33: =QUARTILE(Raw_Data!$G$2:$G$6001,3) -> 5 | D33: =IF(ABS(B33-C33)<0.001,"OK","CHECK") -> OK
A34: IQR incident_report_delay_days | B34: 2 | C34: =C33-C32 -> 2 | D34: =IF(ABS(B34-C34)<0.001,"OK","CHECK") -> OK
A36: C. Summary Statistics (days_since_policy_start)
A37: Metric | B37: Notebook output | C37: Excel formula result | D37: Match?
A38: Mean days_since_policy_start | B38: 1838.6305 | C38: =AVERAGE(Raw_Data!$E$2:$E$6001) -> 1838.6305 | D38: =IF(ABS(B38-C38)<0.001,"OK","CHECK") -> OK
A39: Median days_since_policy_start | B39: 1831 | C39: =MEDIAN(Raw_Data!$E$2:$E$6001) -> 1831 | D39: =IF(ABS(B39-C39)<0.001,"OK","CHECK") -> OK
A40: Standard deviation days_since_policy_start | B40: 1048.9359 | C40: =STDEV(Raw_Data!$E$2:$E$6001) -> 1048.9359 | D40: =IF(ABS(B40-C40)<0.001,"OK","CHECK") -> OK
A41: Q1 days_since_policy_start | B41: 949 | C41: =QUARTILE(Raw_Data!$E$2:$E$6001,1) -> 949 | D41: =IF(ABS(B41-C41)<0.001,"OK","CHECK") -> OK
A42: Q3 days_since_policy_start | B42: 2752.5 | C42: =QUARTILE(Raw_Data!$E$2:$E$6001,3) -> 2752.5 | D42: =IF(ABS(B42-C42)<0.001,"OK","CHECK") -> OK
A43: IQR days_since_policy_start | B43: 1803.5 | C43: =C42-C41 -> 1803.5 | D43: =IF(ABS(B43-C43)<0.001,"OK","CHECK") -> OK
A45: D. Claim Amount by Fraud Outcome
A46: Metric | B46: Notebook output | C46: Excel formula result | D46: Match?
A47: Mean claim_amount - legitimate (0) | B47: 2642.8139 | C47: =AVERAGEIF(Raw_Data!$J$2:$J$6001,0,Raw_Data!$D$2:$D$6001) -> 2642.8139 | D47: =IF(ABS(B47-C47)<0.001,"OK","CHECK") -> OK
A48: Mean claim_amount - fraudulent (1) | B48: 2732.884 | C48: =AVERAGEIF(Raw_Data!$J$2:$J$6001,1,Raw_Data!$D$2:$D$6001) -> 2732.884 | D48: =IF(ABS(B48-C48)<0.001,"OK","CHECK") -> OK
A49: Median claim_amount - legitimate (0) | B49: 2250.46 | C49: =MEDIAN(Helper!$A$2:$A$6001) -> 2250.46 | D49: =IF(ABS(B49-C49)<0.001,"OK","CHECK") -> OK
A50: Median claim_amount - fraudulent (1) | B50: 2422.39 | C50: =MEDIAN(Helper!$B$2:$B$6001) -> 2422.39 | D50: =IF(ABS(B50-C50)<0.001,"OK","CHECK") -> OK
A52: E. Distribution of claim_type
A53: Metric | B53: Notebook output | C53: Excel formula result | D53: Match?
A54: Count - Motor | B54: 3013 | C54: =COUNTIF(Raw_Data!$C$2:$C$6001,"Motor") -> 3013 | D54: =IF(ABS(B54-C54)<0.5,"OK","CHECK") -> OK
A55: Count - Home | B55: 2120 | C55: =COUNTIF(Raw_Data!$C$2:$C$6001,"Home") -> 2120 | D55: =IF(ABS(B55-C55)<0.5,"OK","CHECK") -> OK
A56: Count - Travel | B56: 867 | C56: =COUNTIF(Raw_Data!$C$2:$C$6001,"Travel") -> 867 | D56: =IF(ABS(B56-C56)<0.5,"OK","CHECK") -> OK
A58: E. Distribution of claim_channel
A59: Metric | B59: Notebook output | C59: Excel formula result | D59: Match?
A60: Count - Online | B60: 3299 | C60: =COUNTIF(Raw_Data!$I$2:$I$6001,"Online") -> 3299 | D60: =IF(ABS(B60-C60)<0.5,"OK","CHECK") -> OK
A61: Count - Phone | B61: 1805 | C61: =COUNTIF(Raw_Data!$I$2:$I$6001,"Phone") -> 1805 | D61: =IF(ABS(B61-C61)<0.5,"OK","CHECK") -> OK
A62: Count - Broker | B62: 896 | C62: =COUNTIF(Raw_Data!$I$2:$I$6001,"Broker") -> 896 | D62: =IF(ABS(B62-C62)<0.5,"OK","CHECK") -> OK
A64: E. Distribution of policy_type
A65: Metric | B65: Notebook output | C65: Excel formula result | D65: Match?
A66: Count - Basic | B66: 2442 | C66: =COUNTIF(Raw_Data!$O$2:$O$6001,"Basic") -> 2442 | D66: =IF(ABS(B66-C66)<0.5,"OK","CHECK") -> OK
A67: Count - Standard | B67: 2396 | C67: =COUNTIF(Raw_Data!$O$2:$O$6001,"Standard") -> 2396 | D67: =IF(ABS(B67-C67)<0.5,"OK","CHECK") -> OK
A68: Count - Premium | B68: 1162 | C68: =COUNTIF(Raw_Data!$O$2:$O$6001,"Premium") -> 1162 | D68: =IF(ABS(B68-C68)<0.5,"OK","CHECK") -> OK
A70: F. Baseline Rule False Positive Rate
A71: Metric | B71: Notebook output | C71: Excel formula result | D71: Match?
A72: False positives (baseline_flag=1 AND fraud_label=0) | B72: 1922 | C72: =COUNTIFS(Raw_Data!$R$2:$R$6001,1,Raw_Data!$J$2:$J$6001,0) -> 1922 | D72: =IF(ABS(B72-C72)<0.5,"OK","CHECK") -> OK
A73: Total legitimate claims (fraud_label=0) | B73: 4895 | C73: =COUNTIF(Raw_Data!$J$2:$J$6001,0) -> 4895 | D73: =IF(ABS(B73-C73)<0.5,"OK","CHECK") -> OK
A74: Overall false positive rate | B74: 0.392646 | C74: =C72/C73 -> 0.39264556 | D74: =IF(ABS(B74-C74)<0.001,"OK","CHECK") -> OK
A75: Total claims flagged by baseline rule | B75: 2381 | C75: =COUNTIF(Raw_Data!$R$2:$R$6001,1) -> 2381 | D75: =IF(ABS(B75-C75)<0.5,"OK","CHECK") -> OK
A76: True positives among flagged (baseline_flag=1 AND fraud_label=1) | B76: 459 | C76: =COUNTIFS(Raw_Data!$R$2:$R$6001,1,Raw_Data!$J$2:$J$6001,1) -> 459 | D76: =IF(ABS(B76-C76)<0.5,"OK","CHECK") -> OK
A77: Baseline rule precision | B77: 0.192776 | C77: =C76/C75 -> 0.19277614 | D77: =IF(ABS(B77-C77)<0.001,"OK","CHECK") -> OK
A79: G. Optional - Fraud Rate by Region
A80: Metric | B80: Notebook output | C80: Excel formula result | D80: Match?
A81: Fraud rate - London | B81: 0.182532 | C81: =AVERAGEIF(Raw_Data!$M$2:$M$6001,"London",Raw_Data!$J$2:$J$6001) -> 0.18253189 | D81: =IF(ABS(B81-C81)<0.001,"OK","CHECK") -> OK
A82: Fraud rate - Midlands | B82: 0.186255 | C82: =AVERAGEIF(Raw_Data!$M$2:$M$6001,"Midlands",Raw_Data!$J$2:$J$6001) -> 0.18625498 | D82: =IF(ABS(B82-C82)<0.001,"OK","CHECK") -> OK
A83: Fraud rate - North | B83: 0.183778 | C83: =AVERAGEIF(Raw_Data!$M$2:$M$6001,"North",Raw_Data!$J$2:$J$6001) -> 0.18377823 | D83: =IF(ABS(B83-C83)<0.001,"OK","CHECK") -> OK
A84: Fraud rate - Scotland | B84: 0.189243 | C84: =AVERAGEIF(Raw_Data!$M$2:$M$6001,"Scotland",Raw_Data!$J$2:$J$6001) -> 0.18924303 | D84: =IF(ABS(B84-C84)<0.001,"OK","CHECK") -> OK
A85: Fraud rate - South | B85: 0.177974 | C85: =AVERAGEIF(Raw_Data!$M$2:$M$6001,"South",Raw_Data!$J$2:$J$6001) -> 0.17797443 | D85: =IF(ABS(B85-C85)<0.001,"OK","CHECK") -> OK
A86: Fraud rate - Wales | B86: 0.185336 | C86: =AVERAGEIF(Raw_Data!$M$2:$M$6001,"Wales",Raw_Data!$J$2:$J$6001) -> 0.18533605 | D86: =IF(ABS(B86-C86)<0.001,"OK","CHECK") -> OK
A88: G. Optional - Fraud Rate by Income Band
A89: Metric | B89: Notebook output | C89: Excel formula result | D89: Match?
A90: Fraud rate - High income | B90: 0.193277 | C90: =AVERAGEIF(Raw_Data!$N$2:$N$6001,"High",Raw_Data!$J$2:$J$6001) -> 0.19327731 | D90: =IF(ABS(B90-C90)<0.001,"OK","CHECK") -> OK
A91: Fraud rate - Low income | B91: 0.19225 | C91: =AVERAGEIF(Raw_Data!$N$2:$N$6001,"Low",Raw_Data!$J$2:$J$6001) -> 0.19225037 | D91: =IF(ABS(B91-C91)<0.001,"OK","CHECK") -> OK
A92: Fraud rate - Medium income | B92: 0.174473 | C92: =AVERAGEIF(Raw_Data!$N$2:$N$6001,"Medium",Raw_Data!$J$2:$J$6001) -> 0.17447265 | D92: =IF(ABS(B92-C92)<0.001,"OK","CHECK") -> OK
A94: G. Optional - Fraud Rate by Gender
A95: Metric | B95: Notebook output | C95: Excel formula result | D95: Match?
A96: Fraud rate - Male | B96: 0.184927 | C96: =AVERAGEIF(Raw_Data!$L$2:$L$6001,"Male",Raw_Data!$J$2:$J$6001) -> 0.18492673 | D96: =IF(ABS(B96-C96)<0.001,"OK","CHECK") -> OK
A97: Fraud rate - Female | B97: 0.184359 | C97: =AVERAGEIF(Raw_Data!$L$2:$L$6001,"Female",Raw_Data!$J$2:$J$6001) -> 0.1843594 | D97: =IF(ABS(B97-C97)<0.001,"OK","CHECK") -> OK
A98: Fraud rate - Other | B98: 0.162791 | C98: =AVERAGEIF(Raw_Data!$L$2:$L$6001,"Other",Raw_Data!$J$2:$J$6001) -> 0.1627907 | D98: =IF(ABS(B98-C98)<0.001,"OK","CHECK") -> OK
A100: G. Optional - Age Distribution and Outliers
A101: Metric | B101: Notebook output | C101: Excel formula result | D101: Match?
A102: Mean policyholder age | B102: 50.5607 | C102: =AVERAGE(Raw_Data!$K$2:$K$6001) -> 50.560667 | D102: =IF(ABS(B102-C102)<0.001,"OK","CHECK") -> OK
A103: Median policyholder age | B103: 50.5 | C103: =MEDIAN(Raw_Data!$K$2:$K$6001) -> 50.5 | D103: =IF(ABS(B103-C103)<0.001,"OK","CHECK") -> OK
A104: Claim amount outliers flagged (IQR rule) | B104: 166 | C104: =COUNTIF(Raw_Data!$Q$2:$Q$6001,TRUE()) -> 166 | D104: =IF(ABS(B104-C104)<0.5,"OK","CHECK") -> OK
